<?xml version="1.0" encoding="UTF-8"?>
<tour start="node6" hassounds="0" appversion="7.1.4" apprev="20938">
  <panorama id="node6">
    <input levelingroll="-0.87638899999999997" width="1920" levelingpitch="-2.8868200000000002" leveltileurl="tiles/node6/cf_%c/l_%l/c_%x/tile_%y.jpg" levelbias="0.400" overlap="1" levelbiashidpi="1.000" leveltilesize="510" height="1920">
      <level predecode="0" preload="0" width="1920" height="1920"/>
      <level predecode="0" preload="0" width="960" height="960"/>
      <level predecode="1" preload="1" width="480" height="480"/>
      <preview strip="1" color="0x808080"/>
    </input>
    <view fovmode="2" pannorth="0">
      <start tilt="-7.36" fov="100" pan="-156.3" projection="4"/>
      <flyin tilt="-90" fov="294.64" pan="-70.52" projection="9"/>
      <min tilt="-90" fovpixel="2" pan="0"/>
      <max tilt="90" fovstereographic="330" fovfisheye="360" fov="140" scaletofit="1" pan="360"/>
    </view>
    <userdata title="" author="" nodeid="node6" customnodeid="" copyright="" source="" heading="0" datetime="2024:10:09 21:06:02" info="" tags="FacebookPhotos" latitude="50.78902390" description="" comment="" longitude="7.99707600"/>
    <hotspots wordwrap="1" width="180" smoothmovement="0" height="20">
      <label wordwrap="1" borderradius="1" textalpha="1" backgroundcolor="0xffffff" border="1" width="180" bordercolor="0x000000" background="1" backgroundalpha="1" enabled="1" borderalpha="1" textcolor="0x000000" height="20"/>
      <polystyle borderalpha="1" mode="0" backgroundcolor="0x0000ff" bordercolor="0x0000ff" backgroundalpha="0.25098" handcursor="1"/>
      <hotspot tilt="0" title="" url="{node5}" distance="4.22979" pan="18.9395" id="Point01" skinid="ht_node" description="" target="119.9/-5.0/100.0"/>
      <hotspot tilt="0" title="" url="{node4}" distance="4.21456" pan="-156.695" id="Point02" skinid="ht_node" description="" target="112.3/-4.5/100.0"/>
      <hotspot tilt="0" title="" url="{node2}" distance="4.27769" pan="100.878" id="Point03" skinid="ht_node" description="" target="126.2/-1.4/100.0"/>
    </hotspots>
    <media/>
    <transition zoomafterinfov="140" blendcolor="0x000000" zoomfov="40" type="crossdissolve" blendtime="1" enabled="1" zoomoutpause="1" delay="none" softedge="0" zoomspeed="2" zoomout="0" zoomafteroutfov="40" zoomin="0"/>
    <autorotate nodefilter="" returntohorizon="1.000" enabled="1" delay="3.00" startloaded="0" speed="0.300" useanimation="0" noderandom="1" horizonfromdefview="0" nodedelay="20.00"/>
    <flyintransition speed="2.00" enabled="1"/>
    <animation useinautorotation="0" syncanimationwithvideo="0" animsequence="Animation01" clipsrandom="0"/>
    <control contextvr="1" zoomcentercursor="1" lockedwheel="0" lockedkeyboardzoom="0" contextprojections="0" lockedkeyboard="0" rubberband="0" hideabout="0" speedwheel="1" dblclickfullscreen="0" simulatemass="1" invertcontrol="1" contextfullscreen="1" sensitivity="8" lockedmouse="0" invertwheel="0"/>
  </panorama>
  <panorama id="node5">
    <input levelingroll="0" width="1920" levelingpitch="0" leveltileurl="tiles/node5/cf_%c/l_%l/c_%x/tile_%y.jpg" levelbias="0.400" overlap="1" levelbiashidpi="1.000" leveltilesize="510" height="1920">
      <level predecode="0" preload="0" width="1920" height="1920"/>
      <level predecode="0" preload="0" width="960" height="960"/>
      <level predecode="1" preload="1" width="480" height="480"/>
      <preview strip="1" color="0x808080"/>
    </input>
    <view fovmode="2" pannorth="23.9067">
      <start tilt="0" fov="100" pan="0" projection="4"/>
      <flyin tilt="-90" fov="170" pan="0" projection="9"/>
      <min tilt="-90" fovpixel="2" pan="0"/>
      <max tilt="90" fovstereographic="330" fovfisheye="360" fov="140" scaletofit="1" pan="360"/>
    </view>
    <userdata title="" author="" nodeid="node5" customnodeid="" copyright="" source="" heading="23.9067" datetime="2024:10:09 21:06:08" info="" tags="FacebookPhotos" latitude="50.78905988" description="" comment="" longitude="7.99705647"/>
    <hotspots wordwrap="1" width="180" smoothmovement="0" height="20">
      <label wordwrap="1" borderradius="1" textalpha="1" backgroundcolor="0xffffff" border="1" width="180" bordercolor="0x000000" background="1" backgroundalpha="1" enabled="1" borderalpha="1" textcolor="0x000000" height="20"/>
      <polystyle borderalpha="1" mode="0" backgroundcolor="0x0000ff" bordercolor="0x0000ff" backgroundalpha="0.25098" handcursor="1"/>
      <hotspot tilt="0" title="" url="{node6}" distance="4.22979" pan="-137.154" id="Point01" skinid="ht_node" description="" target="-158.9/-0.7/100.0"/>
    </hotspots>
    <media/>
    <transition zoomafterinfov="140" blendcolor="0x000000" zoomfov="40" type="crossdissolve" blendtime="1" enabled="1" zoomoutpause="1" delay="none" softedge="0" zoomspeed="2" zoomout="0" zoomafteroutfov="40" zoomin="0"/>
    <autorotate nodefilter="" returntohorizon="1.000" enabled="1" delay="3.00" startloaded="0" speed="0.300" useanimation="0" noderandom="1" horizonfromdefview="0" nodedelay="20.00"/>
    <flyintransition speed="2.00" enabled="1"/>
    <animation useinautorotation="0" syncanimationwithvideo="0" animsequence="Animation01" clipsrandom="0"/>
    <control contextvr="1" zoomcentercursor="1" lockedwheel="0" lockedkeyboardzoom="0" contextprojections="0" lockedkeyboard="0" rubberband="0" hideabout="0" speedwheel="1" dblclickfullscreen="0" simulatemass="1" invertcontrol="1" contextfullscreen="1" sensitivity="8" lockedmouse="0" invertwheel="0"/>
  </panorama>
  <panorama id="node4">
    <input levelingroll="0" width="1920" levelingpitch="0" leveltileurl="tiles/node4/cf_%c/l_%l/c_%x/tile_%y.jpg" levelbias="0.400" overlap="1" levelbiashidpi="1.000" leveltilesize="510" height="1920">
      <level predecode="0" preload="0" width="1920" height="1920"/>
      <level predecode="0" preload="0" width="960" height="960"/>
      <level predecode="1" preload="1" width="480" height="480"/>
      <preview strip="1" color="0x808080"/>
    </input>
    <view fovmode="2" pannorth="8.89733">
      <start tilt="0" fov="100" pan="0" projection="4"/>
      <flyin tilt="-90" fov="170" pan="0" projection="9"/>
      <min tilt="-90" fovpixel="2" pan="0"/>
      <max tilt="90" fovstereographic="330" fovfisheye="360" fov="140" scaletofit="1" pan="360"/>
    </view>
    <userdata title="" author="" nodeid="node4" customnodeid="" copyright="" source="" heading="8.89733" datetime="2024:10:09 21:06:12" info="" tags="FacebookPhotos" latitude="50.78898909" description="" comment="" longitude="7.99709972"/>
    <hotspots wordwrap="1" width="180" smoothmovement="0" height="20">
      <label wordwrap="1" borderradius="1" textalpha="1" backgroundcolor="0xffffff" border="1" width="180" bordercolor="0x000000" background="1" backgroundalpha="1" enabled="1" borderalpha="1" textcolor="0x000000" height="20"/>
      <polystyle borderalpha="1" mode="0" backgroundcolor="0x0000ff" bordercolor="0x0000ff" backgroundalpha="0.25098" handcursor="1"/>
      <hotspot tilt="0" title="" url="{node6}" distance="4.21456" pan="32.2025" id="Point01" skinid="ht_node" description="" target="108.3/1.1/100.0"/>
    </hotspots>
    <media/>
    <transition zoomafterinfov="140" blendcolor="0x000000" zoomfov="40" type="crossdissolve" blendtime="1" enabled="1" zoomoutpause="1" delay="none" softedge="0" zoomspeed="2" zoomout="0" zoomafteroutfov="40" zoomin="0"/>
    <autorotate nodefilter="" returntohorizon="1.000" enabled="1" delay="3.00" startloaded="0" speed="0.300" useanimation="0" noderandom="1" horizonfromdefview="0" nodedelay="20.00"/>
    <flyintransition speed="2.00" enabled="1"/>
    <animation useinautorotation="0" syncanimationwithvideo="0" animsequence="Animation01" clipsrandom="0"/>
    <control contextvr="1" zoomcentercursor="1" lockedwheel="0" lockedkeyboardzoom="0" contextprojections="0" lockedkeyboard="0" rubberband="0" hideabout="0" speedwheel="1" dblclickfullscreen="0" simulatemass="1" invertcontrol="1" contextfullscreen="1" sensitivity="8" lockedmouse="0" invertwheel="0"/>
  </panorama>
  <panorama id="node2">
    <input levelingroll="-0.60694199999999998" width="1920" levelingpitch="-0.947743" leveltileurl="tiles/node2/cf_%c/l_%l/c_%x/tile_%y.jpg" levelbias="0.400" overlap="1" levelbiashidpi="1.000" leveltilesize="510" height="1920">
      <level predecode="0" preload="0" width="1920" height="1920"/>
      <level predecode="0" preload="0" width="960" height="960"/>
      <level predecode="1" preload="1" width="480" height="480"/>
      <preview strip="1" color="0x808080"/>
    </input>
    <view fovmode="2" pannorth="35.1847">
      <start tilt="0" fov="100" pan="0" projection="4"/>
      <flyin tilt="-90" fov="170" pan="0" projection="9"/>
      <min tilt="-90" fovpixel="2" pan="0"/>
      <max tilt="90" fovstereographic="330" fovfisheye="360" fov="140" scaletofit="1" pan="360"/>
    </view>
    <userdata title="" author="" nodeid="node2" customnodeid="" copyright="" source="" heading="35.1847" datetime="2024:10:09 21:06:15" info="" tags="FacebookPhotos" latitude="50.78901664" description="" comment="" longitude="7.99701624"/>
    <hotspots wordwrap="1" width="180" smoothmovement="0" height="20">
      <label wordwrap="1" borderradius="1" textalpha="1" backgroundcolor="0xffffff" border="1" width="180" bordercolor="0x000000" background="1" backgroundalpha="1" enabled="1" borderalpha="1" textcolor="0x000000" height="20"/>
      <polystyle borderalpha="1" mode="0" backgroundcolor="0x0000ff" bordercolor="0x0000ff" backgroundalpha="0.25098" handcursor="1"/>
      <hotspot tilt="0" title="" url="{node6}" distance="4.27769" pan="-43.9373" id="Point01" skinid="ht_node" description="" target="-68.5/-1.8/100.0"/>
      <hotspot tilt="0" title="" url="{node3}" distance="4.16594" pan="196.025" id="Point02" skinid="ht_node" description="" target="-160.5/-3.3/100.0"/>
      <hotspot tilt="0" title="" url="{node1}" distance="4.26725" pan="123.916" id="Point03" skinid="ht_node" description="" target="-121.3/-6.4/100.0"/>
    </hotspots>
    <media/>
    <transition zoomafterinfov="140" blendcolor="0x000000" zoomfov="40" type="crossdissolve" blendtime="1" enabled="1" zoomoutpause="1" delay="none" softedge="0" zoomspeed="2" zoomout="0" zoomafteroutfov="40" zoomin="0"/>
    <autorotate nodefilter="" returntohorizon="1.000" enabled="1" delay="3.00" startloaded="0" speed="0.300" useanimation="0" noderandom="1" horizonfromdefview="0" nodedelay="20.00"/>
    <flyintransition speed="2.00" enabled="1"/>
    <animation useinautorotation="0" syncanimationwithvideo="0" animsequence="Animation01" clipsrandom="0"/>
    <control contextvr="1" zoomcentercursor="1" lockedwheel="0" lockedkeyboardzoom="0" contextprojections="0" lockedkeyboard="0" rubberband="0" hideabout="0" speedwheel="1" dblclickfullscreen="0" simulatemass="1" invertcontrol="1" contextfullscreen="1" sensitivity="8" lockedmouse="0" invertwheel="0"/>
  </panorama>
  <panorama id="node3">
    <input levelingroll="0" width="1920" levelingpitch="0" leveltileurl="tiles/node3/cf_%c/l_%l/c_%x/tile_%y.jpg" levelbias="0.400" overlap="1" levelbiashidpi="1.000" leveltilesize="510" height="1920">
      <level predecode="0" preload="0" width="1920" height="1920"/>
      <level predecode="0" preload="0" width="960" height="960"/>
      <level predecode="1" preload="1" width="480" height="480"/>
      <preview strip="1" color="0x808080"/>
    </input>
    <view fovmode="2" pannorth="37.893">
      <start tilt="0" fov="100" pan="0" projection="4"/>
      <flyin tilt="-90" fov="170" pan="0" projection="9"/>
      <min tilt="-90" fovpixel="2" pan="0"/>
      <max tilt="90" fovstereographic="330" fovfisheye="360" fov="140" scaletofit="1" pan="360"/>
    </view>
    <userdata title="" author="" nodeid="node3" customnodeid="" copyright="" source="" heading="37.893" datetime="2024:10:09 21:06:05" info="" tags="FacebookPhotos" latitude="50.78898125" description="" comment="" longitude="7.99699679"/>
    <hotspots wordwrap="1" width="180" smoothmovement="0" height="20">
      <label wordwrap="1" borderradius="1" textalpha="1" backgroundcolor="0xffffff" border="1" width="180" bordercolor="0x000000" background="1" backgroundalpha="1" enabled="1" borderalpha="1" textcolor="0x000000" height="20"/>
      <polystyle borderalpha="1" mode="0" backgroundcolor="0x0000ff" bordercolor="0x0000ff" backgroundalpha="0.25098" handcursor="1"/>
      <hotspot tilt="0" title="" url="{node2}" distance="4.16594" pan="18.7338" id="Point01" skinid="ht_node" description="" target="124.7/-7.4/100.0"/>
    </hotspots>
    <media/>
    <transition zoomafterinfov="140" blendcolor="0x000000" zoomfov="40" type="crossdissolve" blendtime="1" enabled="1" zoomoutpause="1" delay="none" softedge="0" zoomspeed="2" zoomout="0" zoomafteroutfov="40" zoomin="0"/>
    <autorotate nodefilter="" returntohorizon="1.000" enabled="1" delay="3.00" startloaded="0" speed="0.300" useanimation="0" noderandom="1" horizonfromdefview="0" nodedelay="20.00"/>
    <flyintransition speed="2.00" enabled="1"/>
    <animation useinautorotation="0" syncanimationwithvideo="0" animsequence="Animation01" clipsrandom="0"/>
    <control contextvr="1" zoomcentercursor="1" lockedwheel="0" lockedkeyboardzoom="0" contextprojections="0" lockedkeyboard="0" rubberband="0" hideabout="0" speedwheel="1" dblclickfullscreen="0" simulatemass="1" invertcontrol="1" contextfullscreen="1" sensitivity="8" lockedmouse="0" invertwheel="0"/>
  </panorama>
  <panorama id="node1">
    <input levelingroll="0" width="1920" levelingpitch="0" leveltileurl="tiles/node1/cf_%c/l_%l/c_%x/tile_%y.jpg" levelbias="0.400" overlap="1" levelbiashidpi="1.000" leveltilesize="510" height="1920">
      <level predecode="0" preload="0" width="1920" height="1920"/>
      <level predecode="0" preload="0" width="960" height="960"/>
      <level predecode="1" preload="1" width="480" height="480"/>
      <preview strip="1" color="0x808080"/>
    </input>
    <view fovmode="2" pannorth="91.0708">
      <start tilt="0" fov="100" pan="0" projection="4"/>
      <flyin tilt="-90" fov="170" pan="0" projection="9"/>
      <min tilt="-90" fovpixel="2" pan="0"/>
      <max tilt="90" fovstereographic="330" fovfisheye="360" fov="140" scaletofit="1" pan="360"/>
    </view>
    <userdata title="" author="" nodeid="node1" customnodeid="" copyright="" source="" heading="91.0708" datetime="2024:10:09 21:05:57" info="" tags="FacebookPhotos" latitude="50.78901749" description="" comment="" longitude="7.99695555"/>
    <hotspots wordwrap="1" width="180" smoothmovement="0" height="20">
      <label wordwrap="1" borderradius="1" textalpha="1" backgroundcolor="0xffffff" border="1" width="180" bordercolor="0x000000" background="1" backgroundalpha="1" enabled="1" borderalpha="1" textcolor="0x000000" height="20"/>
      <polystyle borderalpha="1" mode="0" backgroundcolor="0x0000ff" bordercolor="0x0000ff" backgroundalpha="0.25098" handcursor="1"/>
      <hotspot tilt="0" title="" url="{node2}" distance="4.26725" pan="-0.19833" id="Point01" skinid="ht_node" description="" target="-50.0/-7.7/100.0"/>
    </hotspots>
    <media/>
    <transition zoomafterinfov="140" blendcolor="0x000000" zoomfov="40" type="crossdissolve" blendtime="1" enabled="1" zoomoutpause="1" delay="none" softedge="0" zoomspeed="2" zoomout="0" zoomafteroutfov="40" zoomin="0"/>
    <autorotate nodefilter="" returntohorizon="1.000" enabled="1" delay="3.00" startloaded="0" speed="0.300" useanimation="0" noderandom="1" horizonfromdefview="0" nodedelay="20.00"/>
    <flyintransition speed="2.00" enabled="1"/>
    <animation useinautorotation="0" syncanimationwithvideo="0" animsequence="Animation01" clipsrandom="0"/>
    <control contextvr="1" zoomcentercursor="1" lockedwheel="0" lockedkeyboardzoom="0" contextprojections="0" lockedkeyboard="0" rubberband="0" hideabout="0" speedwheel="1" dblclickfullscreen="0" simulatemass="1" invertcontrol="1" contextfullscreen="1" sensitivity="8" lockedmouse="0" invertwheel="0"/>
  </panorama>
  <masternode>
    <userdata title="" tags="" description="" author="" comment="" copyright=""/>
    <animationsequences>
      <sequence title="Animation01"/>
    </animationsequences>
  </masternode>
</tour>
